accuracy,precision,recall,f1
0.9550724637681159,0.9313186813186813,0.9826086956521739,0.9562764456981664
