accuracy,precision,recall,f1_score,inference_time_sec
0.9420289855072463,0.9369627507163324,0.9478260869565217,0.9423631123919308,0.15591979026794434
