accuracy,precision,recall,f1
0.7347826086956522,0.720108695652174,0.7681159420289855,0.7433380084151473
